"Бизнес и промышленность", "Металлы"
"Бизнес и промышленность", "Пищевая промышленность, продукты питания"
"Бизнес и промышленность", "Лесная и деревообрабатывающая промышленность"
"Бизнес и промышленность", "Продается бизнес"
"Бизнес и промышленность", "Строительство"
"Бизнес и промышленность", "Другие предложения"
"Бизнес и промышленность", "Оборудование"
"Бизнес и промышленность", "Опт, поставки, импорт-экспорт"
"Бизнес и промышленность", "Нефть, газ, уголь"
"Бизнес и промышленность", "Химия"
"Бизнес и промышленность", "ИТ, Интернет, связь"
"Куплю - Продам", "Животные и растения"
"Куплю - Продам", "Детские товары"
"Куплю - Продам", "Компьютеры и комплектующие"
"Куплю - Продам", "Все для дома и сада"
"Куплю - Продам", "Одежда, обувь, аксессуары"
"Куплю - Продам", "Все для офиса"
"Куплю - Продам", "Все остальное"
"Куплю - Продам", "Распродажа"
"Куплю - Продам", "Музыкальные инструменты"
"Куплю - Продам", "Электроника и техника"
"Куплю - Продам", "Красота и здоровье"
"Куплю - Продам", "Билеты"
"Куплю - Продам", "Книги, учебники и журналы"
"Куплю - Продам", "Игрушки, игры"
"Куплю - Продам", "Сотовые телефоны"
"Куплю - Продам", "Фото и видео камеры"
"Куплю - Продам", "Товары для спорта - велосипеды"
"Куплю - Продам", "Искусство, Коллекционирование, Хобби"
"Куплю - Продам", "Видеоигры - консоли"
"Куплю - Продам", "Ювелирные украшения, часы"
"Куплю - Продам", "Музыка и фильмы"
"Недвижимость", "Продажа квартир, домов"
"Недвижимость", "Аренда квартир, домов"
"Недвижимость", "Гаражи, стоянки"
"Недвижимость", "Аренда и продажа магазинов"
"Недвижимость", "Офисы, торговые площади"
"Недвижимость", "Аренда комнат - совместная аренда квартир"
"Недвижимость", "Земельные участки"
"Недвижимость", "Обмен недвижимости"
"Недвижимость", "Аренда недвижимости на курортах"
"Образование", "Другие курсы и тренинги"
"Образование", "Репетиторы - Частные уроки"
"Образование", "Изучение языков"
"Образование", "Компьютерные курсы"
"Образование", "Музыкальные, театральные и танцевальные школы"
"Общество", "Потерянное и найденное"
"Общество", "События"
"Общество", "Общественная деятельность"
"Общество", "Музыканты, группы, DJ, артисты"
"Общество", "Волонтеры, добровольцы"
"Работа / Вакансии", "Строительство, архитектура"
"Работа / Вакансии", "Работа с клиентами"
"Работа / Вакансии", "Финансы, бухгалтерия, банки"
"Работа / Вакансии", "Управление персоналом"
"Работа / Вакансии", "Медицина, фармацевтика"
"Работа / Вакансии", "Недвижимость"
"Работа / Вакансии", "Логистика, транспорт"
"Работа / Вакансии", "Продажи, закупки"
"Работа / Вакансии", "Прочие сферы деятельности"
"Работа / Вакансии", "ИТ, Интернет, связь"
"Работа / Вакансии", "Розничная торговля"
"Работа / Вакансии", "Маркетинг, Реклама, PR"
"Работа / Вакансии", "Производство"
"Работа / Вакансии", "Бары, рестораны"
"Работа / Вакансии", "Образование, тренинги"
"Работа / Вакансии", "Без спецнавыков, физический труд"
"Работа / Вакансии", "Секретариат, административный персонал"
"Работа / Вакансии", "Руководство, топ-менеджмент"
"Работа / Вакансии", "Юриспруденция"
"Работа / Вакансии", "Искусство, развлечения, масс-медиа"
"Работа / Вакансии", "Работа в гостиничном и туристическом бизнесе"
"Работа / Вакансии", "Некоммерческие организации, благотворительность"
"Транспорт", "Грузовые автомобили - коммерческие автомобили"
"Транспорт", "Легковые автомобили"
"Транспорт", "Автозапчасти"
"Транспорт", "Другой транспорт"
"Транспорт", "Лодки, Яхты"
"Транспорт", "Фургоны - дома на колесах - трейлеры"
"Транспорт", "Мотоциклы - скутеры"
"Услуги", "Прочие услуги"
"Услуги", "Красота, здоровье, фитнес"
"Услуги", "Ремонтные работы"
"Услуги", "Переезд, хранение"
"Услуги", "Организация праздников, видео и фотосъемка"
"Услуги", "Няни, домработницы"
"Услуги", "Хозяйство - Помощь по дому"
"Услуги", "Переводы, редактирование, копирайтинг"
"Услуги", "Интернет, компьютеры"
"Услуги", "Кастинг, прослушивание"
